Datum;Erster;Hoch;Tief;Schlusskurs;Volumen
2020-12-30;13.750,99;13.797,09;13.717,47;13.718,78;1.469.980.545
2020-12-29;13.873,35;13.903,11;13.747,08;13.761,38;2.136.324.319
2020-12-28;13.779,05;13.818,65;13.740,21;13.790,29;2.285.855.512
2020-12-23;13.456,63;13.601,71;13.456,63;13.587,23;2.257.683.977
2020-12-22;13.311,02;13.441,59;13.310,42;13.418,11;2.612.115.220
2020-12-21;13.398,22;13.399,99;13.060,34;13.246,3;4.625.702.068
2020-12-18;13.649,66;13.774,45;13.624,25;13.630,51;8.632.133.842
2020-12-17;13.691,49;13.725,84;13.649,53;13.667,25;4.013.695.189
2020-12-16;13.416,29;13.596,74;13.412,41;13.565,98;4.192.280.712
2020-12-15;13.216,49;13.374,96;13.210,15;13.362,87;3.487.389.342
2020-12-14;13.224,26;13.292,3;13.190,53;13.223,16;3.105.014.971
2020-12-11;13.255,24;13.265,61;13.009,48;13.114,3;3.571.437.085
2020-12-10;13.341,68;13.370,44;13.213,06;13.295,73;3.420.329.917
2020-12-09;13.344,14;13.454,13;13.327,87;13.340,26;3.665.816.043
2020-12-08;13.248,02;13.297,49;13.199,45;13.278,49;2.664.469.312
2020-12-07;13.255,78;13.289,43;13.163,26;13.271;2.625.635.397
2020-12-04;13.230,61;13.315,37;13.225,08;13.298,96;3.016.721.457
2020-12-03;13.304,83;13.307,54;13.223,93;13.252,86;2.923.879.791
2020-12-02;13.341,91;13.359,27;13.272,47;13.313,24;3.030.638.549
2020-12-01;13.371,66;13.434,3;13.334,99;13.382,3;3.389.547.220
2020-11-30;13.270,51;13.445,11;13.256,76;13.291,16;5.822.056.759
2020-11-27;13.280,51;13.364,17;13.272,74;13.335,68;3.312.113.991
2020-11-26;13.315,21;13.316,19;13.274,89;13.286,57;2.181.849.974
2020-11-25;13.346,77;13.346,96;13.235,82;13.289,8;3.629.189.518
2020-11-24;13.254,42;13.296,76;13.192,32;13.292,44;4.189.078.313
2020-11-23;13.215,44;13.312,42;13.126,97;13.126,97;3.128.466.577
2020-11-20;13.054,64;13.172,91;13.054,64;13.137,25;3.678.186.890
2020-11-19;13.101,71;13.138,14;13.034,51;13.086,16;3.376.271.425
2020-11-18;13.086,43;13.213,63;13.074,67;13.201,89;3.291.444.650
2020-11-17;13.130,54;13.151,02;13.050,41;13.133,47;3.209.375.238
2020-11-16;13.170,52;13.277,45;13.081,11;13.138,61;4.363.094.068
2020-11-13;13.036,97;13.145,48;13.004,82;13.076,72;3.833.804.783
2020-11-12;13.073,48;13.168,09;13.022,28;13.052,95;3.740.048.358
2020-11-11;13.205,95;13.244,32;13.138,76;13.216,18;4.567.903.292
2020-11-10;13.109,77;13.237,59;13.018,43;13.163,11;7.081.437.899
2020-11-09;12.713,19;13.297,05;12.670,58;13.095,97;9.255.846.730
2020-11-06;12.531,74;12.595,87;12.370,08;12.480,02;3.544.392.359
2020-11-05;12.420,88;12.591,3;12.398,59;12.568,09;4.181.369.637
2020-11-04;11.896,11;12.329,96;11.848,21;12.324,22;4.698.799.863
2020-11-03;11.858,81;12.088,98;11.851,03;12.088,98;3.723.910.428
2020-11-02;11.602,91;11.838;11.551,36;11.788,28;3.407.278.769
2020-10-30;11.472,61;11.614,13;11.450,08;11.556,48;3.818.383.500
2020-10-29;11.631,07;11.707,43;11.458,56;11.598,07;4.492.894.315
2020-10-28;11.848,31;11.852,02;11.457,12;11.560,51;6.123.283.387
2020-10-27;12.206,42;12.223,6;12.034,8;12.063,57;4.458.787.791
2020-10-26;12.303,41;12.404,51;12.174,22;12.177,18;4.630.467.745
2020-10-23;12.517,98;12.718,27;12.514,99;12.645,75;2.513.683.335
2020-10-22;12.429,41;12.583,02;12.345,45;12.543,06;2.909.118.130
2020-10-21;12.764,45;12.765,05;12.545,59;12.557,64;2.867.053.671
2020-10-20;12.819,15;12.850,29;12.725,45;12.736,95;2.614.014.935
2020-10-19;12.948,63;13.028,73;12.820,26;12.854,66;2.195.226.565
2020-10-16;12.773,35;12.955,86;12.733,06;12.908,99;3.538.289.071
2020-10-15;12.826,13;12.839,55;12.599,82;12.703,75;3.642.669.763
2020-10-14;13.012,69;13.066,44;12.975,12;13.028,06;2.350.438.318
2020-10-13;13.132,9;13.132,9;12.959,7;13.018,99;2.385.315.762
2020-10-12;13.086,06;13.151,8;13.058,34;13.138,41;2.240.694.228
2020-10-09;13.070,04;13.096,44;13.009,98;13.051,23;2.765.980.235
2020-10-08;13.011,23;13.100,85;12.956,64;13.042,21;2.915.079.264
2020-10-07;12.901,29;12.959,02;12.837,11;12.928,57;2.936.224.798
2020-10-06;12.858,97;12.966,09;12.779,65;12.906,02;2.559.399.816
2020-10-05;12.824,05;12.842,48;12.727,75;12.828,31;2.494.159.745
2020-10-02;12.558,78;12.690,25;12.539,86;12.689,04;3.036.345.323
2020-10-01;12.812,08;12.836,65;12.671,23;12.730,77;3.974.397.159
2020-09-30;12.754,77;12.869,96;12.698,42;12.760,73;3.148.049.138
2020-09-29;12.817,79;12.859,14;12.738,3;12.825,82;2.352.748.248
2020-09-28;12.673,73;12.873,4;12.660,15;12.870,87;4.469.395.830
2020-09-25;12.615,91;12.622,77;12.341,58;12.469,2;3.148.879.034
2020-09-24;12.520,47;12.684,8;12.512,5;12.606,57;2.849.318.596
2020-09-23;12.737,32;12.830,7;12.642,97;12.642,97;2.884.681.838
2020-09-22;12.629,71;12.698,12;12.592,97;12.594,39;3.187.859.717
2020-09-21;12.998,9;12.998,9;12.505,16;12.542,44;5.027.602.443
2020-09-18;13.210,86;13.263,44;13.116,25;13.116,25;9.407.779.153
2020-09-17;13.060,18;13.245,87;13.035,94;13.208,12;2.692.789.829
2020-09-16;13.224,16;13.277,23;13.181,56;13.255,37;2.929.505.633
2020-09-15;13.220,81;13.262,81;13.138,2;13.217,67;2.682.977.643
2020-09-14;13.329,61;13.339,14;13.159,72;13.193,66;2.156.252.075
2020-09-11;13.198,74;13.255,47;13.117,46;13.202,84;2.697.607.253
2020-09-10;13.265,51;13.297,71;13.161,93;13.208,89;2.754.412.812
2020-09-09;12.990,52;13.257,54;12.973,46;13.237,21;3.252.729.506
2020-09-08;13.126,23;13.147,52;12.856,55;12.968,33;3.409.959.458
2020-09-07;12.931,4;13.117,61;12.920,92;13.100,28;2.477.308.493
2020-09-04;12.916,12;13.127,08;12.753,69;12.842,66;4.126.500.597
2020-09-03;13.354,72;13.460,46;13.004,83;13.057,77;3.856.493.734
2020-09-02;13.071,66;13.303,17;13.062,17;13.243,43;3.609.288.543
2020-09-01;13.037,2;13.127,28;12.850,3;12.974,25;2.877.444.993
2020-08-31;13.103,93;13.148,19;12.923,76;12.945,38;2.966.260.637
2020-08-28;13.140,6;13.147,24;12.951,26;13.033,2;2.793.409.385
2020-08-27;13.206,58;13.218,05;13.087,37;13.096,36;2.515.405.040
2020-08-26;13.041,83;13.192,32;13.010,53;13.190,15;2.110.583.365
2020-08-25;13.136,77;13.221,82;13.060,87;13.061,62;2.665.141.957
2020-08-24;12.945,97;13.104,31;12.924,7;13.066,54;2.885.757.184
2020-08-21;12.879,45;12.911,27;12.633,71;12.764,8;3.119.694.180
2020-08-20;12.829,39;12.891,14;12.755,52;12.830;2.324.862.149
2020-08-19;12.838,63;12.980,7;12.833,8;12.977,33;2.221.352.708
2020-08-18;12.836,87;13.052,84;12.807;12.881,76;2.295.605.155
2020-08-17;12.924,88;12.960,84;12.847,85;12.920,66;1.707.984.403
2020-08-14;12.965,22;12.971,08;12.797,52;12.901,34;2.158.306.131
2020-08-13;13.044,47;13.075,25;12.956,3;12.993,71;2.261.408.644
2020-08-12;12.917,34;13.101,12;12.879,11;13.058,63;2.686.137.414
2020-08-11;12.806,97;13.046,13;12.802,06;12.946,89;3.648.839.676
2020-08-10;12.729,1;12.753,12;12.605,82;12.687,53;2.175.611.171
2020-08-07;12.634,79;12.691,66;12.517,44;12.674,88;2.655.162.038
2020-08-06;12.664,55;12.799,21;12.519,85;12.591,68;3.460.325.878
2020-08-05;12.667,12;12.757,03;12.632,99;12.660,25;3.105.667.041
2020-08-04;12.744,13;12.768,58;12.528,07;12.600,87;2.969.555.708
2020-08-03;12.374,46;12.698,56;12.365,61;12.646,98;3.331.281.547
2020-07-31;12.403,1;12.524,75;12.313,36;12.313,36;3.562.766.408
2020-07-30;12.762,12;12.768,71;12.253,92;12.379,65;4.435.373.745
2020-07-29;12.819,63;12.864,39;12.789,97;12.822,26;2.664.561.143
2020-07-28;12.886,23;12.936,01;12.746,46;12.835,28;2.465.755.322
2020-07-27;12.865,75;12.908,66;12.811,44;12.838,66;2.348.130.282
2020-07-24;12.919,31;12.935,5;12.812,02;12.838,06;2.743.382.117
2020-07-23;13.183,5;13.217,73;13.072,82;13.103,39;3.151.823.910
2020-07-22;13.165,29;13.197,92;13.067,06;13.104,25;2.910.174.788
2020-07-21;13.194,93;13.313,9;13.147,3;13.171,83;3.587.382.420
2020-07-20;12.898,11;13.063,69;12.811,72;13.046,92;2.611.348.111
2020-07-17;12.915,27;12.954,25;12.870,27;12.919,61;3.404.131.105
2020-07-16;12.857,3;12.919,23;12.805,47;12.874,97;3.040.673.519
2020-07-15;12.812,11;12.999,84;12.773,44;12.930,98;3.659.155.518
2020-07-14;12.642,23;12.697,91;12.535,9;12.697,36;3.246.138.704
2020-07-13;12.817,19;12.836,41;12.688,94;12.799,97;2.833.246.084
2020-07-10;12.442,22;12.649,99;12.416,69;12.633,71;3.019.460.338
2020-07-09;12.639,17;12.709,68;12.459,16;12.489,46;3.244.944.170
2020-07-08;12.542,58;12.670,19;12.463,22;12.494,81;2.982.893.347
2020-07-07;12.660,09;12.661,12;12.525,18;12.616,8;2.827.381.282
2020-07-06;12.774,77;12.842,59;12.655,21;12.733,45;2.918.378.464
2020-07-03;12.644,6;12.649,98;12.476,13;12.528,18;2.109.046.617
2020-07-02;12.378,8;12.658,17;12.370,72;12.608,46;3.919.659.440
2020-07-01;12.391,72;12.391,72;12.095,11;12.266,89;3.039.046.420
2020-06-30;12.287,94;12.350,35;12.188,09;12.310,93;3.775.502.404
2020-06-29;12.090,41;12.297,68;12.045,26;12.232,12;3.726.548.242
2020-06-26;12.308,48;12.347,45;12.060,89;12.089,39;3.262.164.157
2020-06-25;12.102,25;12.236,46;11.957,31;12.177,87;3.970.670.508
2020-06-24;12.459,81;12.489,24;12.093,94;12.093,94;3.983.596.348
2020-06-23;12.360,09;12.616,12;12.332,1;12.523,76;4.637.879.299
2020-06-22;12.194,48;12.399,37;12.172,12;12.262,97;3.436.633.098
2020-06-19;12.375,18;12.447,15;12.319,19;12.330,76;9.812.854.711
2020-06-18;12.347,49;12.483,84;12.189,67;12.281,53;6.390.350.882
2020-06-17;12.312,44;12.432,23;12.288,17;12.382,14;4.300.361.302
2020-06-16;12.168,37;12.434,27;12.132,8;12.224,96;5.549.074.936
2020-06-15;11.661,36;11.968,06;11.597,82;11.911,35;4.038.654.918
2020-06-12;11.876,34;12.172,63;11.828,66;11.949,28;4.998.615.300
2020-06-11;12.223,42;12.301,95;11.970,29;11.970,29;5.437.379.077
2020-06-10;12.719,15;12.763,89;12.471,06;12.530,16;4.256.116.492
2020-06-09;12.859,83;12.864,91;12.502,45;12.617,99;6.006.118.150
2020-06-08;12.722,68;12.913,13;12.670,95;12.819,59;5.751.258.213
2020-06-05;12.565,16;12.858,79;12.560,19;12.847,68;7.484.833.054
2020-06-04;12.390,03;12.558,24;12.326,44;12.430,56;5.959.610.586
2020-06-03;12.147,12;12.507,41;12.133,7;12.487,36;6.407.983.715
2020-06-02;11.896,7;12.055,57;11.850,34;12.021,28;5.918.807.383
2020-05-29;11.649,37;11.729,98;11.575,74;11.586,85;6.945.382.712
2020-05-28;11.746,78;11.813,14;11.654,83;11.781,13;4.769.111.005
2020-05-27;11.530,2;11.747,2;11.519,77;11.657,69;6.065.363.933
2020-05-26;11.488,99;11.544,35;11.429,88;11.504,65;4.419.768.641
2020-05-25;11.186,04;11.391,28;11.118,12;11.391,28;2.747.113.844
2020-05-22;10.896,28;11.138,15;10.867,17;11.073,87;3.106.348.455
2020-05-21;11.088,12;11.194,92;11.036,91;11.065,93;2.629.264.675
2020-05-20;11.029,33;11.246,91;10.978,57;11.223,71;3.820.479.525
2020-05-19;11.200,92;11.201,18;10.936,07;11.075,29;4.739.306.210
2020-05-18;10.683,86;11.089,5;10.677,52;11.058,87;4.801.765.326
2020-05-15;10.470,85;10.547,19;10.382,54;10.465,17;4.452.706.979
2020-05-14;10.418,04;10.474,08;10.160,89;10.337,02;4.732.673.174
2020-05-13;10.669,99;10.698,13;10.530,32;10.542,66;4.095.816.447
2020-05-12;10.777,74;10.886,01;10.772,58;10.819,5;3.358.148.918
2020-05-11;10.948,24;10.986,22;10.740,82;10.824,99;3.393.555.283
2020-05-08;10.882,44;10.918,32;10.819,07;10.904,48;3.345.111.636
2020-05-07;10.640,77;10.761,86;10.617,23;10.759,27;4.023.875.059
2020-05-06;10.716,51;10.773,86;10.598,9;10.606,2;4.113.308.489
2020-05-05;10.627,07;10.736,95;10.518,94;10.729,46;4.188.712.084
2020-05-04;10.543,36;10.578,43;10.426,06;10.466,8;5.312.162.728
2020-04-30;11.195,21;11.235,57;10.839,3;10.861,64;6.437.671.974
2020-04-29;10.812,74;11.125,35;10.789,52;11.107,74;5.509.372.458
2020-04-28;10.658,47;10.897,82;10.651,58;10.795,63;6.323.636.424
2020-04-27;10.551,07;10.660,36;10.523,1;10.659,99;4.027.074.364
2020-04-24;10.299,31;10.486,47;10.299,31;10.336,09;4.055.617.567
2020-04-23;10.437,38;10.608,39;10.325,11;10.513,79;3.889.035.412
2020-04-22;10.370,25;10.425,02;10.321,2;10.415,03;3.577.303.214
2020-04-21;10.519,44;10.524,73;10.249,85;10.249,85;4.610.280.044
2020-04-20;10.704,35;10.707,31;10.444,55;10.675,9;3.614.248.232
2020-04-17;10.607,35;10.756,78;10.542,71;10.625,78;5.635.626.455
2020-04-16;10.420,26;10.438,37;10.236,24;10.301,54;3.891.513.333
2020-04-15;10.678,19;10.678,19;10.243,11;10.279,76;4.803.115.728
2020-04-14;10.733,97;10.820,17;10.658,96;10.696,56;3.990.145.518
2020-04-09;10.490,65;10.649,79;10.311,7;10.564,74;5.211.541.535
2020-04-08;10.301,56;10.340,79;10.198,22;10.332,89;3.670.948.807
2020-04-07;10.464,11;10.590,41;10.225,02;10.356,7;5.389.183.377
2020-04-06;9.889,03;10.097,31;9.841,49;10.075,17;4.518.783.501
2020-04-03;9.535,27;9.626,72;9.470,2;9.525,77;3.857.742.600
2020-04-02;9.587,45;9.650,27;9.337,02;9.570,82;4.537.686.444
2020-04-01;9.610,67;9.686,46;9.498,05;9.544,75;4.496.159.939
2020-03-31;9.970,79;10.096,42;9.703,88;9.935,84;5.380.898.842
2020-03-30;9.725,88;9.817,51;9.453,79;9.815,97;4.258.540.309
2020-03-27;9.793,5;9.886,18;9.541,83;9.632,52;5.226.296.517
2020-03-26;9.621,24;10.000,96;9.526,17;10.000,96;5.648.346.543
2020-03-25;9.987,37;10.137,62;9.460,91;9.874,26;7.176.498.007
2020-03-24;9.242,06;9.700,57;9.102,17;9.700,57;7.269.588.243
2020-03-23;8.536,33;9.071,14;8.480,28;8.741,15;6.203.080.966
2020-03-20;9.080,49;9.201,07;8.838,3;8.928,95;9.556.092.760
2020-03-19;8.495,94;8.668,48;8.257,53;8.610,43;6.429.020.859
2020-03-18;8.613,35;8.670,41;8.400,18;8.441,71;6.574.843.218
2020-03-17;9.141,17;9.145,93;8.423,56;8.939,1;7.084.550.881
2020-03-16;8.728,48;8.967,11;8.255,65;8.742,25;9.917.906.848
2020-03-13;9.480,78;9.985,74;9.064,68;9.232,08;10.943.120.885
2020-03-12;9.863,99;9.932,56;9.139,12;9.161,13;12.864.295.088
2020-03-11;10.601,85;10.761,43;10.390,51;10.438,68;7.878.265.616
2020-03-10;10.724,98;11.032,29;10.423,9;10.475,49;9.917.035.269
2020-03-09;10.690,08;10.995,22;10.556,64;10.625,02;11.491.226.395
2020-03-06;11.694,56;11.769,85;11.447,2;11.541,87;7.320.722.810
2020-03-05;12.191,41;12.207,77;11.844,88;11.944,72;5.837.393.232
2020-03-04;11.992,59;12.199,82;11.929,24;12.127,69;5.986.297.361
2020-03-03;12.013,06;12.272,99;11.906,82;11.985,39;8.055.979.442
2020-03-02;12.030,27;12.121,6;11.624,63;11.857,87;8.167.249.575
2020-02-28;11.891,87;12.008,59;11.724,12;11.890,35;11.786.903.849
2020-02-27;12.526,6;12.593,62;12.211,63;12.367,46;7.903.699.494
2020-02-26;12.682,16;12.849,17;12.368,05;12.774,88;7.643.868.696
2020-02-25;13.132,04;13.132,04;12.778,66;12.790,49;5.752.237.579
2020-02-24;13.231,38;13.236,58;12.982,14;13.035,24;7.141.029.483
2020-02-21;13.609,94;13.689,23;13.500,5;13.579,33;5.008.439.296
2020-02-20;13.774,44;13.788,41;13.664;13.664;3.804.663.552
2020-02-19;13.751,05;13.789;13.710,78;13.789;3.569.547.008
2020-02-18;13.668,94;13.731,39;13.660,45;13.681,19;3.395.386.624
2020-02-17;13.770,67;13.795,24;13.754,04;13.783,89;2.612.837.120
2020-02-14;13.756,47;13.788,51;13.728,12;13.744,21;3.035.655.680
2020-02-13;13.695,93;13.745,43;13.576,96;13.745,43;4.044.694.784
2020-02-12;13.671,15;13.758,7;13.658,15;13.749,78;3.557.517.312
2020-02-11;13.604,74;13.668,43;13.557,96;13.627,84;4.207.244.032
2020-02-10;13.476;13.501,74;13.445,41;13.494,03;2.608.739.072
2020-02-07;13.530,77;13.551,03;13.463,98;13.513,81;3.528.092.672
2020-02-06;13.570,33;13.606,97;13.533,66;13.574,82;3.962.973.696
2020-02-05;13.224,27;13.488,58;13.223,14;13.478,33;4.878.091.776
2020-02-04;13.135,61;13.282,63;13.131,07;13.281,74;3.757.522.176
2020-02-03;13.033,17;13.077,57;12.987,53;13.045,19;3.635.225.600
2020-01-31;13.196,8;13.208,47;12.973,7;12.981,97;4.596.007.424
2020-01-30;13.186,49;13.262,18;13.118,97;13.157,12;3.915.857.920
2020-01-29;13.316,42;13.371,3;13.296,03;13.345;2.900.783.360
2020-01-28;13.274,01;13.327,12;13.163,36;13.323,69;4.157.311.488
2020-01-27;13.374,99;13.399,42;13.195,28;13.204,77;4.774.482.944
2020-01-24;13.512,84;13.604,85;13.510,79;13.576,68;4.093.668.864
2020-01-23;13.455,9;13.486,14;13.382,23;13.388,42;3.755.383.808
2020-01-22;13.601,65;13.640,06;13.498,03;13.515,75;3.518.689.280
2020-01-21;13.456,9;13.560,68;13.443,25;13.555,87;2.828.705.024
2020-01-20;13.503,83;13.550,83;13.487,21;13.548,94;2.213.997.056
2020-01-17;13.513,48;13.557,78;13.497,3;13.526,13;4.263.625.728
2020-01-16;13.463,46;13.492,74;13.382,98;13.429,43;3.263.788.544
2020-01-15;13.444,95;13.458,91;13.388,48;13.432,3;3.387.621.376
2020-01-14;13.439,2;13.487,9;13.362,2;13.456,49;3.375.945.216
2020-01-13;13.521,86;13.529,21;13.404,72;13.451,52;2.916.933.632
2020-01-10;13.533,46;13.548,2;13.483,31;13.483,31;3.310.929.920
2020-01-09;13.474,76;13.523,34;13.456,78;13.495,06;3.865.976.576
2020-01-08;13.140,49;13.334,04;13.106,27;13.320,18;3.500.844.800
2020-01-07;13.199,59;13.283,88;13.166,4;13.226,83;3.229.665.792
2020-01-06;13.085,49;13.143,11;12.948,17;13.126,99;3.090.320.384
2020-01-03;13.266,39;13.282,74;13.120,72;13.219,14;3.348.948.736
2020-01-02;13.233,71;13.425,03;13.225,16;13.385,93;3.041.948.416
2019-12-30;13.301,43;13.316,62;13.244,17;13.249,01;1.363.888.256
2019-12-27;13.338,32;13.381,44;13.311,52;13.337,11;2.011.863.040
2019-12-23;13.304,77;13.331,86;13.285,55;13.300,98;2.483.130.112
2019-12-20;13.210,26;13.324,11;13.201,8;13.318,9;8.315.065.856
2019-12-19;13.226,7;13.248,98;13.140,22;13.211,96;4.003.737.856
2019-12-18;13.266,35;13.286;13.215,88;13.222,16;3.371.483.648
2019-12-17;13.391,27;13.394,47;13.269,43;13.287,83;3.975.771.136
2019-12-16;13.349,86;13.425,85;13.338,38;13.407,66;3.022.608.896
2019-12-13;13.383,26;13.423,41;13.255,55;13.282,72;5.029.902.336
2019-12-12;13.167,56;13.287,81;13.105,07;13.221,64;3.573.495.040
2019-12-11;13.075,43;13.169,77;13.042,7;13.146,74;3.301.320.192
2019-12-10;13.065,83;13.091,71;12.886,55;13.070,72;3.746.461.952
2019-12-09;13.147,57;13.170,77;13.100,24;13.105,61;2.274.370.816
2019-12-06;13.087,51;13.171,21;13.055,98;13.166,58;2.916.811.264
2019-12-05;13.144,38;13.188,64;13.054,8;13.054,8;2.620.789.248
2019-12-04;12.998,66;13.157,36;12.995,32;13.140,57;3.020.354.048
2019-12-03;13.039,61;13.086,03;12.927,07;12.989,29;3.662.386.432
2019-12-02;13.264,93;13.338,25;12.954,5;12.964,68;4.646.583.808
2019-11-29;13.179,25;13.290,33;13.165,07;13.236,38;2.981.747.968
2019-11-28;13.247,61;13.259,29;13.215,71;13.245,58;1.704.999.296
2019-11-27;13.291,09;13.314,92;13.219,43;13.287,07;2.765.258.752
2019-11-26;13.256,4;13.261,98;13.193,75;13.236,42;4.037.251.840
2019-11-25;13.247,51;13.268,97;13.210,25;13.246,45;2.587.077.888
2019-11-22;13.145,77;13.244,57;13.120,63;13.163,88;3.430.652.160
2019-11-21;13.083;13.171,85;13.043,9;13.137,7;3.607.742.464
2019-11-20;13.127,45;13.182,22;13.071,33;13.158,14;3.238.085.888
2019-11-19;13.235,28;13.374,27;13.187,91;13.221,12;3.264.300.288
2019-11-18;13.255,78;13.282,41;13.137,88;13.207,01;3.202.738.688
2019-11-15;13.261,72;13.261,72;13.172,89;13.241,75;3.852.822.528
2019-11-14;13.198,33;13.219,3;13.159,69;13.180,23;3.623.782.912
2019-11-13;13.244,05;13.273,82;13.139,25;13.230,07;3.228.517.888
2019-11-12;13.243,53;13.308,26;13.214,66;13.283,51;3.413.908.480
2019-11-11;13.170,18;13.225,62;13.144,09;13.198,37;3.153.869.312
2019-11-08;13.248,62;13.278,18;13.195,83;13.228,56;4.286.930.176
2019-11-07;13.258,26;13.300,76;13.227,37;13.289,46;4.770.040.320
2019-11-06;13.150,94;13.187,66;13.110,91;13.179,89;3.781.267.200
2019-11-05;13.134,33;13.166,08;13.112,65;13.148,5;4.066.735.104
2019-11-04;13.022,95;13.171,17;13.019,18;13.136,28;4.159.345.664
2019-11-01;12.912,09;12.992,07;12.896,72;12.961,05;2.790.381.312
2019-10-31;12.937,59;12.953,34;12.795,09;12.866,79;4.225.495.808
2019-10-30;12.929,42;12.944,26;12.830,33;12.910,23;3.747.481.600
2019-10-29;12.946,34;12.951,88;12.897,34;12.939,62;3.305.081.600
2019-10-28;12.897,4;12.986,49;12.892,84;12.941,71;3.130.192.384
2019-10-25;12.886,42;12.895,85;12.834;12.894,51;2.884.845.056
2019-10-24;12.860,63;12.914,24;12.820,67;12.872,1;3.770.670.336
2019-10-23;12.702,92;12.819,22;12.699,85;12.798,19;3.385.803.008
2019-10-22;12.757,73;12.791,31;12.730,7;12.754,69;3.589.983.488
2019-10-21;12.661,93;12.787,35;12.646,28;12.747,96;3.523.020.544
2019-10-18;12.637,01;12.700,38;12.603,17;12.633,6;4.486.810.112
2019-10-17;12.655,32;12.814,49;12.647,86;12.654,95;4.439.079.424
2019-10-16;12.644,18;12.698,37;12.603,83;12.670,11;4.391.909.376
2019-10-15;12.565,68;12.682,4;12.511,9;12.629,79;4.959.471.616
2019-10-14;12.468,78;12.495,24;12.387,95;12.486,56;2.502.158.848
2019-10-11;12.248,88;12.511,65;12.240,94;12.511,65;4.641.510.400
2019-10-10;12.082,89;12.202,71;12.029,46;12.164,2;3.665.628.928
2019-10-09;11.973,82;12.165,53;11.953,12;12.094,26;2.876.705.792
2019-10-08;12.097,89;12.097,94;11.933,02;11.970,2;3.254.806.528
2019-10-07;12.008,77;12.105,09;11.969,32;12.097,43;2.735.589.888
2019-10-04;11.958,31;12.012,91;11.878,98;12.012,81;3.776.119.296
2019-10-02;12.221,74;12.226,86;11.925,25;11.925,25;4.228.949.760
2019-10-01;12.469,67;12.497,28;12.263,83;12.263,83;3.372.863.488
2019-09-30;12.367,81;12.441,03;12.346,94;12.428,08;2.914.095.360
2019-09-27;12.327,79;12.404,47;12.324,71;12.380,94;2.691.832.576
2019-09-26;12.227,77;12.313,15;12.223,29;12.288,54;3.077.719.296
2019-09-25;12.250,08;12.261,06;12.141,82;12.234,18;2.906.918.912
2019-09-24;12.368,96;12.375,31;12.307,15;12.307,15;2.506.265.344
2019-09-23;12.432,3;12.441,02;12.264,14;12.342,33;3.253.868.544
2019-09-20;12.462,57;12.490,84;12.418,5;12.468,01;9.320.713.216
2019-09-19;12.355,92;12.466,78;12.354,83;12.457,7;3.482.739.456
2019-09-18;12.361,23;12.416,05;12.354,49;12.389,62;2.875.539.968
2019-09-17;12.370,96;12.392,97;12.303,51;12.372,61;3.028.619.008
2019-09-16;12.387,68;12.421,25;12.362,98;12.380,31;2.928.450.304
2019-09-13;12.412,72;12.494,25;12.408,93;12.468,53;3.394.239.488
2019-09-12;12.399,4;12.471,83;12.311,81;12.410,25;4.022.330.624
2019-09-11;12.341,84;12.394,28;12.317,61;12.359,07;3.329.364.224
2019-09-10;12.210,88;12.292,14;12.179,88;12.268,71;4.135.957.248
2019-09-09;12.210,87;12.245,11;12.189,6;12.226,1;2.750.214.656
2019-09-06;12.146;12.205,1;12.131,29;12.191,73;3.031.332.864
2019-09-05;12.117,9;12.151,31;12.084,17;12.126,78;3.397.977.856
2019-09-04;12.043,96;12.078,4;11.999,83;12.025,04;2.592.677.632
2019-09-03;11.921,94;11.956,69;11.869,28;11.910,86;2.486.664.960
2019-09-02;11.939,99;11.994,11;11.929,91;11.953,78;1.788.723.072
2019-08-30;11.850,3;11.989,44;11.845,16;11.939,28;3.304.370.944
2019-08-29;11.686,84;11.853,91;11.661,73;11.838,88;2.742.626.048
2019-08-28;11.704,67;11.717,79;11.573,64;11.701,02;2.308.916.736
2019-08-27;11.638,51;11.778,62;11.616,09;11.730,02;2.956.072.192
2019-08-26;11.619,66;11.696,78;11.551,99;11.658,04;2.086.339.456
2019-08-23;11.805,48;11.823,12;11.611,51;11.611,51;3.488.396.032
2019-08-22;11.756,21;11.853,14;11.715,26;11.747,04;2.729.008.896
2019-08-21;11.673,66;11.824,66;11.673,37;11.802,85;2.467.508.736
2019-08-20;11.711,78;11.764,93;11.618,93;11.651,18;2.510.155.776
2019-08-19;11.679,72;11.759;11.625,67;11.715,37;2.751.849.728
2019-08-16;11.460,65;11.578,84;11.447,34;11.562,74;3.491.160.064
2019-08-15;11.522,46;11.530,01;11.266,48;11.412,67;3.986.707.456
2019-08-14;11.758,75;11.759,57;11.459,37;11.492,66;3.813.835.776
2019-08-13;11.632,85;11.835,88;11.539,63;11.750,13;4.268.294.400
2019-08-12;11.801,06;11.836,97;11.647,01;11.679,68;2.494.561.024
2019-08-09;11.806,82;11.865,63;11.674,11;11.693,8;4.326.682.112
2019-08-08;11.752,96;11.845,41;11.683,99;11.845,41;3.948.816.384
2019-08-07;11.636,34;11.747,74;11.559,76;11.650,15;4.096.602.624
2019-08-06;11.690,27;11.748,83;11.567,96;11.567,96;3.672.949.504
2019-08-05;11.758,44;11.797,52;11.628,57;11.658,51;4.837.273.600
2019-08-02;12.033,68;12.034,91;11.836,75;11.872,44;5.948.219.904
2019-08-01;12.134,71;12.254,03;12.129,33;12.253,15;3.831.578.368
2019-07-31;12.149,09;12.226,49;12.139,03;12.189,04;3.365.278.464
2019-07-30;12.398,24;12.404,51;12.115,28;12.147,24;4.455.521.280
2019-07-29;12.398,29;12.473,97;12.387,58;12.417,47;2.585.841.408
2019-07-26;12.363,86;12.428,05;12.356,15;12.419,9;2.993.911.040
2019-07-25;12.576,02;12.599,93;12.299,1;12.362,1;4.669.920.768
2019-07-24;12.510,52;12.550,34;12.476,55;12.522,89;3.535.140.864
2019-07-23;12.384,66;12.531,16;12.369,19;12.490,74;4.303.268.864
2019-07-22;12.243,58;12.346,02;12.236,7;12.289,4;2.570.415.360
2019-07-19;12.302,64;12.340,11;12.211,67;12.260,07;3.528.226.560
2019-07-18;12.194,33;12.296,3;12.172,59;12.227,85;3.382.116.352
2019-07-17;12.429,87;12.453,33;12.324,33;12.341,03;2.940.606.976
2019-07-16;12.392,19;12.465,19;12.366,97;12.430,97;2.925.691.904
2019-07-15;12.346,59;12.434,14;12.301,08;12.387,34;2.635.208.704
2019-07-12;12.318,5;12.354,87;12.304,98;12.323,32;3.167.025.664
2019-07-11;12.401,02;12.417,93;12.307,34;12.332,12;3.080.733.952
2019-07-10;12.412,99;12.448,81;12.356,8;12.373,41;2.964.102.144
2019-07-09;12.436,97;12.477,58;12.364,16;12.436,55;4.069.380.608
2019-07-08;12.541,18;12.587,44;12.507,72;12.543,51;2.668.566.784
2019-07-05;12.632,12;12.632,12;12.522,11;12.568,53;2.890.199.040
2019-07-04;12.644,35;12.656,05;12.616,29;12.629,9;2.027.166.848
2019-07-03;12.548,3;12.631,81;12.545,79;12.616,24;2.944.255.744
2019-07-02;12.546,93;12.548,22;12.484,26;12.526,72;3.011.927.552
2019-07-01;12.616,34;12.619,68;12.519,3;12.521,38;3.731.064.320
2019-06-28;12.302,77;12.408,22;12.297,63;12.398,8;4.038.219.008
2019-06-27;12.308,26;12.334,57;12.209,34;12.271,03;3.553.273.856
2019-06-26;12.210,52;12.315,84;12.189,49;12.245,32;3.253.318.144
2019-06-25;12.226,88;12.284,57;12.213,41;12.228,44;2.794.597.120
2019-06-24;12.308,11;12.341,56;12.250,71;12.274,57;3.257.103.872
2019-06-21;12.351,98;12.425,2;12.316,41;12.339,92;8.948.218.880
2019-06-20;12.409,58;12.438,37;12.355,39;12.355,39;3.424.495.360
2019-06-19;12.321,43;12.346,7;12.291,19;12.308,53;3.798.750.720
2019-06-18;12.069,37;12.358;11.987,55;12.331,75;5.135.174.144
2019-06-17;12.112,47;12.124,68;12.059,92;12.085,82;2.678.465.024
2019-06-14;12.124,36;12.136,65;12.049,76;12.096,4;2.606.679.552
2019-06-13;12.095,21;12.201,78;12.079,6;12.169,05;2.803.981.056
2019-06-12;12.093,98;12.132,28;12.068,11;12.115,68;2.830.967.296
2019-06-11;12.133,6;12.227,4;12.117,34;12.155,81;3.770.355.968
2019-06-07;12.003,92;12.096,61;11.987,17;12.045,38;3.152.139.008
2019-06-06;11.987,92;12.076,95;11.899,82;11.953,14;3.214.664.448
2019-06-05;11.981,18;12.057,73;11.928,87;11.980,81;3.191.888.384
2019-06-04;11.716,55;11.987,89;11.713,87;11.971,17;4.182.353.152
2019-06-03;11.661,12;11.793,63;11.620,64;11.792,81;3.526.266.624
2019-05-31;11.742,21;11.755,12;11.662,07;11.726,84;4.307.394.560
2019-05-30;11.885,07;11.924,66;11.858,29;11.902,08;1.916.034.688
2019-05-29;11.906,02;11.927,64;11.828,75;11.837,81;3.711.118.336
2019-05-28;12.100,39;12.113,31;11.992,41;12.027,05;4.377.966.080
2019-05-27;12.077,88;12.124,55;12.050,49;12.071,18;1.666.777.856
2019-05-24;12.027,31;12.082,05;11.990,79;12.011,04;3.181.134.080
2019-05-23;12.064,29;12.082,75;11.926,34;11.952,41;4.562.322.944
2019-05-22;12.141,46;12.211,03;12.055,5;12.168,74;3.759.890.432
2019-05-21;12.111,8;12.178,25;12.066,9;12.143,47;3.604.382.976
2019-05-20;12.226,85;12.246,5;11.993,91;12.041,29;3.945.033.472
2019-05-17;12.252,68;12.270,89;12.150,33;12.238,94;4.577.125.888
2019-05-16;12.077,36;12.310,37;12.030,3;12.310,37;4.503.846.400
2019-05-15;12.018,45;12.099,57;11.862,21;12.099,57;4.824.780.800
2019-05-14;11.908,77;11.991,83;11.897,93;11.991,62;4.284.379.904
2019-05-13;12.044,1;12.052,93;11.844,47;11.876,65;4.450.372.608
2019-05-10;12.105,28;12.140,61;12.009,75;12.059,83;5.102.563.840
2019-05-09;12.098,02;12.125,96;11.957,31;11.973,92;4.785.608.192
2019-05-08;12.110,87;12.208,48;12.063,74;12.179,93;4.903.957.504
2019-05-07;12.298,71;12.319,05;12.056,8;12.092,74;4.710.692.352
2019-05-06;12.171,9;12.298,66;12.135,42;12.286,88;4.105.812.992
2019-05-03;12.345,32;12.435,67;12.344,23;12.412,75;3.696.200.704
2019-05-02;12.349,1;12.402,87;12.303,96;12.345,42;4.336.516.608
2019-04-30;12.313,97;12.345,31;12.281,72;12.344,08;3.653.955.840
2019-04-29;12.308,98;12.376,06;12.266,34;12.328,02;2.859.889.408
2019-04-26;12.284,46;12.323,64;12.259,76;12.315,18;3.694.537.984
2019-04-25;12.304,53;12.321,79;12.236,14;12.282,6;4.221.526.784
2019-04-24;12.232,99;12.349,83;12.223,98;12.313,16;5.255.300.096
2019-04-23;12.224,32;12.251,81;12.182,98;12.235,51;3.483.371.008
2019-04-18;12.138,14;12.243,63;12.100;12.222,39;5.130.137.088
2019-04-17;12.100,44;12.195;12.086,89;12.153,07;4.428.403.712
2019-04-16;12.026,74;12.116,25;12.025,66;12.101,32;3.509.920.000
2019-04-15;12.011,11;12.029,98;11.983,33;12.020,28;2.751.749.376
2019-04-12;11.912,58;12.031,15;11.889,99;11.999,93;3.788.934.656
2019-04-11;11.914,51;11.963,43;11.846,6;11.935,2;3.052.921.600
2019-04-10;11.864,46;11.937,11;11.863,8;11.905,91;2.756.793.856
2019-04-09;11.927,01;11.988,53;11.850,57;11.850,57;3.117.230.848
2019-04-08;11.979,73;11.989,59;11.948,26;11.963,4;2.755.551.488
2019-04-05;11.993,22;12.024,23;11.967,7;12.009,75;3.190.375.168
2019-04-04;11.924,61;12.029,26;11.916,57;11.988,01;3.280.741.888
2019-04-03;11.855,4;11.961,36;11.854,21;11.954,4;4.059.056.640
2019-04-02;11.703,24;11.777,65;11.659,15;11.754,79;3.294.680.576
2019-04-01;11.617,18;11.706,64;11.612,7;11.681,99;4.027.214.336
2019-03-29;11.492,09;11.549,42;11.442,12;11.526,04;3.847.521.792
2019-03-28;11.422,16;11.494,15;11.414,66;11.428,16;3.245.212.416
2019-03-27;11.439,02;11.502,35;11.368,13;11.419,04;3.837.540.352
2019-03-26;11.374,18;11.447,13;11.299,8;11.419,48;3.612.043.776
2019-03-25;11.323,2;11.392;11.312,54;11.346,65;3.091.406.080
2019-03-22;11.578,39;11.623,97;11.356,49;11.364,17;4.648.299.520
2019-03-21;11.566,87;11.582,54;11.467,79;11.549,96;3.613.988.864
2019-03-20;11.704,44;11.721,41;11.596,2;11.603,89;4.652.830.720
2019-03-19;11.672,76;11.823,29;11.652,02;11.788,41;3.343.670.016
2019-03-18;11.685,54;11.712,36;11.635,88;11.657,06;3.132.567.808
2019-03-15;11.608,67;11.725,66;11.575,33;11.685,69;8.687.595.520
2019-03-14;11.573,42;11.635,76;11.541,1;11.587,47;3.565.055.488
2019-03-13;11.499,32;11.586,9;11.486,74;11.572,41;3.447.511.040
2019-03-12;11.612,46;11.618,73;11.499,47;11.524,17;3.626.647.296
2019-03-11;11.497,98;11.550,59;11.462,9;11.543,48;2.810.280.960
2019-03-08;11.429,77;11.475,55;11.405,21;11.457,84;3.491.382.016
2019-03-07;11.546,42;11.612,95;11.452,86;11.517,8;3.807.980.288
2019-03-06;11.593,21;11.652,77;11.565,22;11.587,63;2.651.564.032
2019-03-05;11.570,97;11.627,78;11.551,45;11.620,74;2.691.672.320
2019-03-04;11.646,21;11.650,44;11.591,74;11.592,66;2.627.893.248
2019-03-01;11.584,24;11.676,86;11.583,08;11.601,68;3.428.219.904
2019-02-28;11.430,8;11.524,99;11.416,08;11.515,64;3.696.711.168
2019-02-27;11.493,81;11.521,22;11.442,97;11.487,33;3.482.933.760
2019-02-26;11.446,29;11.556,87;11.441,87;11.540,79;3.332.213.760
2019-02-25;11.517,76;11.544,31;11.480,49;11.505,39;3.295.535.360
2019-02-22;11.422,62;11.504,71;11.420,74;11.457,7;2.972.969.216
2019-02-21;11.448,65;11.454,44;11.392,27;11.423,28;3.064.507.904
2019-02-20;11.338,74;11.437,47;11.318,74;11.401,97;3.343.634.176
2019-02-19;11.280,73;11.371,44;11.244,52;11.309,21;2.874.834.176
2019-02-18;11.287,74;11.318,19;11.256,27;11.299,2;2.395.563.776
2019-02-15;11.044,8;11.323,05;11.018,95;11.299,8;4.445.476.352
2019-02-14;11.257,8;11.260,55;11.077,78;11.089,79;3.486.409.728
2019-02-13;11.174,85;11.217,3;11.125,59;11.167,22;2.933.021.184
2019-02-12;11.123,43;11.164,38;11.116,86;11.126,08;3.145.137.152
2019-02-11;10.955,83;11.041,95;10.944,58;11.014,59;2.875.464.192
2019-02-08;10.991,79;11.045,41;10.863,56;10.906,78;4.768.407.552
2019-02-07;11.262,97;11.286,46;11.022,02;11.022,02;4.777.639.936
2019-02-06;11.337,54;11.347,94;11.297,42;11.324,72;3.204.030.208
2019-02-05;11.178,75;11.371,74;11.177,7;11.367,98;3.921.178.112
2019-02-04;11.180,42;11.209,31;11.100,34;11.176,58;3.578.704.896
2019-02-01;11.198,46;11.218,51;11.116,08;11.180,66;4.541.572.096
2019-01-31;11.257,92;11.311,37;11.051,11;11.173,1;4.573.062.144
2019-01-30;11.210,68;11.215,21;11.132,38;11.181,66;3.637.186.816
2019-01-29;11.191,52;11.276,28;11.159,17;11.218,83;3.202.676.224
2019-01-28;11.233,16;11.275,21;11.196,42;11.210,31;2.946.523.904
2019-01-25;11.234,05;11.321,62;11.218,35;11.281,79;4.183.266.816
2019-01-24;11.045,64;11.149,32;11.032,53;11.130,18;4.022.147.840
2019-01-23;11.043,64;11.135,75;11.007,21;11.071,54;3.297.393.152
2019-01-22;11.076,98;11.142,22;11.034,55;11.090,11;3.039.793.664
2019-01-21;11.176,12;11.179,91;11.125,53;11.136,2;2.629.720.832
2019-01-18;11.001,31;11.216,82;10.993,83;11.205,54;5.102.009.344
2019-01-17;10.852,5;10.929,3;10.822,25;10.918,62;2.943.843.328
2019-01-16;10.940,36;10.947,87;10.866,39;10.931,24;2.817.174.272
2019-01-15;10.962,95;10.994,83;10.812,59;10.891,79;3.081.178.880
2019-01-14;10.820,85;10.886,23;10.786,75;10.855,91;2.668.447.488
2019-01-11;10.949,13;10.959;10.829,92;10.887,46;3.107.425.792
2019-01-10;10.843,89;10.927,13;10.788,05;10.921,59;2.866.341.120
2019-01-09;10.884,75;10.961,92;10.839,09;10.893,32;3.743.830.272
2019-01-08;10.750,19;10.910,71;10.745,03;10.803,98;3.825.119.488
2019-01-07;10.814,39;10.814,47;10.681,27;10.747,81;2.810.341.888
2019-01-04;10.533,94;10.786,34;10.483,9;10.767,69;3.923.362.816
2019-01-03;10.467,11;10.538,66;10.400,11;10.416,66;3.157.513.984
2019-01-02;10.477,77;10.612,72;10.386,97;10.580,19;2.973.446.144
2018-12-28;10.452,02;10.586,8;10.431,38;10.558,96;2.036.179.456
2018-12-27;10.607,42;10.635,45;10.279,2;10.381,51;3.792.997.376
2018-12-21;10.573,08;10.654,66;10.512,64;10.633,82;9.476.073.472
2018-12-20;10.621,18;10.686,37;10.563,44;10.611,1;4.355.436.032
2018-12-19;10.777,42;10.831,44;10.749,55;10.766,21;3.957.748.736
2018-12-18;10.744,28;10.841,42;10.714,97;10.740,89;3.794.915.584
2018-12-17;10.852,99;10.886,8;10.700,62;10.772,2;3.418.881.024
2018-12-14;10.809,58;10.903,39;10.733,75;10.865,77;3.443.502.336
2018-12-13;10.978,68;10.988,77;10.887,26;10.924,7;3.318.145.792
2018-12-12;10.832,04;10.971,12;10.815,51;10.929,43;3.871.640.320
2018-12-11;10.711,4;10.884,62;10.684,62;10.780,51;4.192.821.760
2018-12-10;10.726,17;10.757,73;10.585,77;10.622,07;4.658.125.312
2018-12-07;10.876,34;10.927,37;10.788,09;10.788,09;4.347.385.344
2018-12-06;11.053,58;11.063,44;10.762,41;10.810,98;5.539.258.880
2018-12-05;11.204,32;11.266,28;11.177,15;11.200,24;3.167.188.480
2018-12-04;11.429,82;11.442,19;11.330,44;11.335,32;3.562.060.544
2018-12-03;11.534,75;11.566,97;11.457,61;11.465,46;4.596.474.880
2018-11-30;11.311,66;11.315,3;11.208,6;11.257,24;4.767.285.248
2018-11-29;11.377,21;11.403,72;11.275,7;11.298,23;3.661.718.784
2018-11-28;11.355,8;11.358,8;11.279,46;11.298,88;3.277.165.568
2018-11-27;11.380,79;11.400,05;11.264,65;11.309,11;3.370.348.032
2018-11-26;11.315,9;11.390,93;11.301,82;11.354,72;3.557.904.896
2018-11-23;11.146,55;11.205,99;11.093,52;11.192,69;2.516.529.408
2018-11-22;11.216,29;11.221,77;11.119,04;11.138,49;2.573.186.560
2018-11-21;11.138,25;11.257,83;11.113,34;11.244,17;3.809.336.320
2018-11-20;11.157,65;11.187,16;11.009,25;11.066,41;4.871.788.544
2018-11-19;11.384;11.419,55;11.231,59;11.244,54;3.560.659.456
2018-11-16;11.425,8;11.448,56;11.233,21;11.341;4.663.578.112
2018-11-15;11.447,84;11.500,66;11.254,92;11.353,67;4.110.970.112
2018-11-14;11.394,75;11.566,79;11.314,6;11.412,53;4.371.214.336
2018-11-13;11.374,11;11.495,69;11.349,94;11.472,22;4.361.342.464
2018-11-12;11.591,59;11.598,51;11.310,72;11.325,44;3.918.296.320
2018-11-09;11.489,19;11.549,06;11.418,35;11.529,16;4.475.530.752
2018-11-08;11.629;11.648,79;11.503,36;11.527,32;3.708.277.248
2018-11-07;11.542,09;11.634,81;11.532,34;11.579,1;3.907.735.296
2018-11-06;11.518,17;11.528,52;11.436,53;11.484,34;3.247.864.064
2018-11-05;11.522,33;11.555,97;11.479,19;11.494,96;3.019.745.024
2018-11-02;11.636,37;11.689,96;11.518,87;11.518,99;5.264.192.000
2018-11-01;11.419,61;11.575,43;11.416,36;11.468,54;4.132.578.304
2018-10-31;11.417,09;11.499,38;11.391,64;11.447,51;7.265.255.424
2018-10-30;11.391,78;11.394,37;11.212,58;11.287,39;4.500.806.656
2018-10-29;11.270,67;11.444,86;11.218,92;11.335,48;4.438.170.624
2018-10-26;11.180,96;11.205,83;11.051,04;11.200,62;9.355.778.048
2018-10-25;11.098,68;11.324,92;11.078,37;11.307,12;5.208.996.352
2018-10-24;11.298,65;11.391,94;11.166,84;11.191,63;4.604.400.128
2018-10-23;11.367,57;11.394,21;11.228,5;11.274,28;5.263.068.160
2018-10-22;11.665,68;11.677,45;11.497,09;11.524,34;3.585.140.736
2018-10-19;11.578,85;11.617,28;11.498,69;11.553,83;5.604.662.784
2018-10-18;11.695,19;11.791,22;11.586,32;11.589,21;4.691.686.912
2018-10-17;11.811,47;11.847,79;11.669,96;11.715,03;4.362.407.936
2018-10-16;11.637,62;11.790,15;11.606,97;11.776,55;3.921.014.784
2018-10-15;11.523,81;11.625,02;11.459,08;11.614,16;3.150.951.936
2018-10-12;11.691,47;11.693,84;11.514,55;11.523,81;4.482.967.552
2018-10-11;11.558,98;11.700,5;11.518,56;11.539,35;6.581.379.072
2018-10-10;11.976,7;11.978,8;11.712,27;11.712,5;5.218.449.920
2018-10-09;11.963,63;11.998,64;11.803,19;11.977,22;3.697.384.960
2018-10-08;12.044,96;12.072,27;11.938,8;11.947,16;3.526.487.296
2018-10-05;12.236,29;12.245,41;12.103,55;12.111,9;3.884.281.856
2018-10-04;12.275,07;12.348,86;12.174,69;12.244,14;4.631.112.192
2018-10-02;12.229,07;12.310,76;12.203,6;12.287,58;3.693.050.112
2018-10-01;12.265,89;12.373,29;12.263,1;12.339,03;3.443.142.656
2018-09-28;12.381,36;12.394,16;12.190,57;12.246,73;4.803.574.784
2018-09-27;12.329,4;12.456,69;12.272,65;12.435,59;3.792.992.000
2018-09-26;12.395,2;12.395,92;12.329,52;12.385,89;3.802.428.160
2018-09-25;12.341,85;12.416,87;12.322,19;12.374,66;4.095.140.096
2018-09-24;12.383,42;12.409,96;12.349,3;12.350,82;3.207.834.112
2018-09-21;12.402,72;12.458,3;12.373,95;12.430,88;12.182.606.848
2018-09-20;12.210,95;12.354,38;12.210,57;12.326,48;4.458.430.976
2018-09-19;12.168,2;12.241,14;12.165,08;12.219,02;3.348.153.088
2018-09-18;12.097,19;12.184,41;12.064,41;12.157,67;3.427.904.256
2018-09-17;12.056,38;12.123,09;12.040,8;12.096,41;2.792.944.896
2018-09-14;12.109,37;12.134,54;12.075,58;12.124,33;3.026.494.464
2018-09-13;12.036,79;12.129,81;12.017,41;12.055,55;3.534.421.248
2018-09-12;11.989,27;12.046,66;11.952,49;12.032,3;3.519.188.224
2018-09-11;12.013,01;12.017,73;11.865,47;11.970,27;3.455.878.400
2018-09-10;11.950,55;12.039,22;11.930,3;11.986,34;3.012.765.952
2018-09-07;11.960,1;11.990,81;11.888,57;11.959,63;3.626.298.624
2018-09-06;11.995,81;12.091,98;11.944,5;11.955,25;3.500.507.904
2018-09-05;12.161,65;12.167,36;12.035,76;12.040,46;4.187.640.832
2018-09-04;12.389,46;12.402,87;12.162,71;12.210,21;3.181.006.336
2018-09-03;12.338,36;12.358,17;12.300,47;12.346,41;2.060.839.552
2018-08-31;12.418,26;12.426,86;12.348,91;12.364,06;3.748.289.792
2018-08-30;12.516,55;12.529,3;12.400,12;12.494,24;3.020.104.192
2018-08-29;12.553,86;12.569,06;12.499,53;12.561,68;2.380.784.896
2018-08-28;12.578,65;12.597,02;12.527,42;12.527,42;2.839.246.080
2018-08-27;12.462,75;12.562,37;12.429,34;12.538,31;2.242.899.712
2018-08-24;12.396,69;12.444,35;12.344,45;12.394,52;2.398.529.536
2018-08-23;12.367,48;12.411,01;12.353,55;12.365,58;2.902.243.072
2018-08-22;12.355,53;12.438,66;12.345,32;12.385,7;3.698.036.480
2018-08-21;12.320,56;12.432,66;12.316,35;12.384,49;2.925.106.432
2018-08-20;12.263,01;12.373,36;12.245,56;12.331,3;2.557.715.456
2018-08-17;12.242,06;12.244,67;12.135,64;12.210,55;3.383.465.984
2018-08-16;12.202,13;12.251,4;12.168,92;12.237,17;3.763.119.360
2018-08-15;12.400,27;12.428,56;12.120,65;12.163,01;4.168.884.224
2018-08-14;12.444,63;12.461,82;12.294,9;12.358,87;3.189.202.944
2018-08-13;12.346,75;12.396,86;12.323,2;12.358,74;4.026.417.408
2018-08-10;12.574,2;12.585,83;12.390,4;12.424,35;4.503.363.072
2018-08-09;12.623,14;12.696,52;12.577,34;12.676,11;3.287.073.792
2018-08-08;12.622,98;12.704,58;12.586,23;12.633,54;3.238.946.304
2018-08-07;12.656,87;12.738,53;12.646,16;12.648,19;3.326.530.816
2018-08-06;12.631,4;12.715,78;12.538,35;12.598,21;3.039.798.272
2018-08-03;12.572,61;12.644,52;12.561,62;12.615,76;3.300.379.904
2018-08-02;12.617,63;12.619,6;12.493,2;12.546,33;4.462.444.544
2018-08-01;12.826,7;12.833,11;12.706,34;12.737,05;3.977.716.480
2018-07-31;12.809,74;12.860,59;12.739,83;12.805,5;4.018.777.088
2018-07-30;12.822,87;12.848,95;12.798,2;12.798,2;2.405.945.344
2018-07-27;12.825,75;12.886,83;12.815,12;12.860,4;3.746.953.472
2018-07-26;12.732,88;12.827,71;12.701,56;12.809,23;4.696.971.776
2018-07-25;12.685,68;12.695,12;12.538,12;12.579,33;3.400.045.056
2018-07-24;12.590,79;12.755,27;12.585,91;12.689,39;3.536.824.832
2018-07-23;12.510,23;12.565,12;12.489,33;12.548,57;2.500.164.608
2018-07-20;12.664,45;12.706,84;12.469,5;12.561,42;4.793.809.408
2018-07-19;12.740,68;12.759,42;12.658,37;12.686,29;3.208.417.792
2018-07-18;12.728,41;12.778,96;12.715,52;12.765,94;3.450.320.128
2018-07-17;12.566,97;12.688,5;12.522,05;12.661,54;3.380.887.552
2018-07-16;12.530,98;12.604,24;12.506,99;12.561,02;2.680.161.792
2018-07-13;12.549,23;12.583,79;12.499,3;12.540,73;2.986.771.712
2018-07-12;12.464,06;12.505,2;12.408,63;12.492,97;2.803.596.288
2018-07-11;12.506,99;12.514,75;12.398,47;12.417,13;3.421.421.056
2018-07-10;12.580,31;12.639,79;12.530,71;12.609,85;3.026.938.112
2018-07-09;12.541,74;12.559,97;12.490,4;12.543,89;2.784.201.984
2018-07-06;12.506,27;12.508,08;12.426,4;12.496,17;3.983.790.848
2018-07-05;12.363,05;12.516,51;12.361,86;12.464,29;4.330.740.736
2018-07-04;12.323,75;12.350,68;12.284,56;12.317,61;2.646.044.160
2018-07-03;12.321,07;12.428,14;12.278,39;12.349,14;3.412.557.824
2018-07-02;12.147,94;12.301,93;12.132,72;12.238,17;3.654.532.864
2018-06-29;12.322,64;12.382,87;12.260,91;12.306;4.475.705.344
2018-06-28;12.289,81;12.375,37;12.104,41;12.177,23;4.352.903.168
2018-06-27;12.247,75;12.439,91;12.124,87;12.348,61;4.614.308.864
2018-06-26;12.333,44;12.355,86;12.188,5;12.234,34;3.810.320.640
2018-06-25;12.497,48;12.518,89;12.270,33;12.270,33;4.125.458.688
2018-06-22;12.507,72;12.579,72;12.486,26;12.579,72;3.684.807.424
2018-06-21;12.699,71;12.719,45;12.472,98;12.511,91;5.018.478.592
2018-06-20;12.731,66;12.760,2;12.670,78;12.695,16;3.712.446.720
2018-06-19;12.647,07;12.708,71;12.594,51;12.677,97;4.366.210.048
2018-06-18;12.945,53;12.982,92;12.784,48;12.834,11;3.593.333.760
2018-06-15;13.115,85;13.170,05;13.010,54;13.010,55;11.245.147.136
2018-06-14;12.806,07;13.135,97;12.800,66;13.107,1;5.891.570.176
2018-06-13;12.857,16;12.905,67;12.781,23;12.890,58;4.318.319.616
2018-06-12;12.924,03;12.948,52;12.816,07;12.842,3;4.165.406.464
2018-06-11;12.816,32;12.861,95;12.751,66;12.842,91;4.247.828.992
2018-06-08;12.668,77;12.795,64;12.610,68;12.766,55;4.433.890.816
2018-06-07;12.877,85;12.914,85;12.760,54;12.811,05;3.438.922.496
2018-06-06;12.813,39;12.872,9;12.729,23;12.830,07;4.103.712.512
2018-06-05;12.766,16;12.925,24;12.753,3;12.787,13;4.240.351.744
2018-06-04;12.839,44;12.846,26;12.714,03;12.770,75;2.979.185.408
2018-06-01;12.678,07;12.800,45;12.660,79;12.724,27;4.205.414.144
2018-05-31;12.796,16;12.803,6;12.547,61;12.604,89;6.446.884.352
2018-05-30;12.693,33;12.783,76;12.663,37;12.783,76;4.593.395.712
2018-05-29;12.786,15;12.803,29;12.608,7;12.666,51;5.529.280.000
2018-05-28;13.016,55;13.040,63;12.828,26;12.863,46;2.568.040.960
2018-05-25;12.917,15;13.002,47;12.852,17;12.938,01;3.996.425.984
2018-05-24;12.955,94;13.006,44;12.801,82;12.855,09;4.958.993.920
2018-05-23;13.138,83;13.148,05;12.929,9;12.976,84;4.411.406.848
2018-05-22;13.132,56;13.204,31;13.061,77;13.169,92;4.306.325.504
2018-05-18;13.115,63;13.133,19;13.051,13;13.077,72;5.126.897.664
2018-05-17;12.985,14;13.114,63;12.981,89;13.114,61;3.706.822.144
2018-05-16;12.983,49;13.030,76;12.960,53;12.996,33;3.676.875.008
2018-05-15;12.947,97;13.006,34;12.918,29;12.970,04;3.968.582.912
2018-05-14;13.009,83;13.015,1;12.927,24;12.977,71;2.917.959.680
2018-05-11;13.023;13.033,3;12.964;13.001,24;3.371.463.168
2018-05-10;12.975,09;13.034,21;12.928,51;13.022,87;3.027.725.056
2018-05-09;12.917,82;12.962,52;12.890,38;12.943,06;4.477.563.392
2018-05-08;12.924,23;12.933,67;12.855,09;12.912,21;3.954.064.384
2018-05-07;12.827,43;12.961,05;12.813,55;12.948,14;2.981.795.584
2018-05-04;12.733,19;12.819,6;12.707,86;12.819,6;4.585.460.224
2018-05-03;12.775,66;12.798,16;12.665,33;12.690,15;4.305.602.048
2018-05-02;12.610,78;12.827,54;12.605,38;12.802,25;4.992.339.456
2018-04-30;12.606,27;12.622,93;12.563,74;12.612,11;3.482.193.152
2018-04-27;12.572,72;12.627,71;12.518,03;12.580,87;3.977.029.120
2018-04-26;12.395,9;12.503,22;12.383,95;12.500,47;4.577.832.960
2018-04-25;12.456,82;12.484,78;12.312,27;12.422,3;4.781.878.784
2018-04-24;12.602,41;12.647,16;12.481,3;12.550,82;4.545.615.360
2018-04-23;12.538,16;12.588,23;12.466,47;12.572,39;3.270.311.168
2018-04-20;12.555,96;12.585,37;12.490,77;12.540,5;4.822.329.344
2018-04-19;12.595,61;12.595,61;12.534,63;12.567,42;3.173.914.368
2018-04-18;12.597,58;12.640,25;12.548,45;12.590,83;3.817.772.032
2018-04-17;12.443,2;12.614,25;12.417,26;12.585,57;3.836.084.992
2018-04-16;12.478,99;12.487,04;12.375,63;12.391,41;2.660.433.408
2018-04-13;12.461,31;12.523,97;12.411,65;12.442,4;3.308.857.088
2018-04-12;12.282,39;12.434,24;12.263,7;12.415,01;3.604.600.576
2018-04-11;12.372,07;12.381,53;12.256,59;12.293,97;3.732.697.088
2018-04-10;12.389,9;12.428,9;12.334,95;12.397,32;4.258.725.376
2018-04-09;12.311,02;12.371,11;12.205,39;12.261,75;3.109.784.576
2018-04-06;12.242,94;12.290,03;12.202,05;12.241,27;3.660.996.864
2018-04-05;12.153,61;12.322,37;12.135,64;12.305,19;4.725.546.496
2018-04-04;12.000,47;12.011,12;11.792,35;11.957,9;4.375.988.736
2018-04-03;11.997,47;12.069,48;11.913,62;12.002,45;3.978.663.680
2018-03-29;11.956,34;12.151,31;11.942,28;12.096,73;5.062.100.480
2018-03-28;11.868,08;11.961,16;11.770,4;11.940,71;4.382.003.712
2018-03-27;11.996,35;12.042,78;11.927,91;11.970,83;4.057.809.408
2018-03-26;11.919,64;11.984,5;11.726,62;11.787,26;3.959.591.936
2018-03-23;11.995,51;12.001,78;11.818,7;11.886,31;5.575.218.176
2018-03-22;12.187,73;12.267,17;12.009,5;12.100,08;5.233.261.568
2018-03-21;12.336,76;12.344,09;12.250,37;12.309,15;3.646.104.832
2018-03-20;12.261,19;12.320;12.191,55;12.307,33;3.369.058.816
2018-03-19;12.346,51;12.369,77;12.183,79;12.217,02;4.157.686.784
2018-03-16;12.345,56;12.454,02;12.337,62;12.389,58;9.975.442.432
2018-03-15;12.284,14;12.378,39;12.239,96;12.345,56;4.716.749.824
2018-03-14;12.212,49;12.322,89;12.202,76;12.237,74;4.540.817.408
2018-03-13;12.425,69;12.459,9;12.162,47;12.221,03;4.808.213.504
2018-03-12;12.453,3;12.454,96;12.361,01;12.418,39;3.793.779.968
2018-03-09;12.331,64;12.407,98;12.284,57;12.346,68;4.044.948.480
2018-03-08;12.237,94;12.382,69;12.177,12;12.355,57;4.186.407.680
2018-03-07;12.060,09;12.275,69;12.020,61;12.245,36;3.953.398.272
2018-03-06;12.229,29;12.259,58;12.110,34;12.113,87;4.064.954.624
2018-03-05;11.831,57;12.110,18;11.830,98;12.090,87;4.623.067.136
2018-03-02;12.051,89;12.081,4;11.877,66;11.913,71;5.397.143.552
2018-03-01;12.386,4;12.387,88;12.143,14;12.190,94;5.302.582.272
2018-02-28;12.427,46;12.516,92;12.417,96;12.435,85;4.191.036.928
2018-02-27;12.573,65;12.577,56;12.436,13;12.490,73;3.911.907.072
2018-02-26;12.566,05;12.601,46;12.484,59;12.527,04;3.536.148.480
2018-02-23;12.491,77;12.513,32;12.431,94;12.483,79;3.698.836.736
2018-02-22;12.358,82;12.497,71;12.283,7;12.461,91;3.834.924.288
2018-02-21;12.457,22;12.474,37;12.372,26;12.470,49;3.317.737.728
2018-02-20;12.403,63;12.496,1;12.333,79;12.487,9;3.669.636.352
2018-02-19;12.495,07;12.505,49;12.361,86;12.385,6;2.708.779.008
2018-02-16;12.408,48;12.484,12;12.368,71;12.451,96;4.571.904.512
2018-02-15;12.425,45;12.479,97;12.275,04;12.346,17;4.300.133.376
2018-02-14;12.294,85;12.393,71;12.075,21;12.339,16;5.019.462.656
2018-02-13;12.282,76;12.300,63;12.196,22;12.196,5;3.506.523.136
2018-02-12;12.238,63;12.379,16;12.222,34;12.282,77;4.617.105.920
2018-02-09;12.263,1;12.296,18;12.003,36;12.107,48;6.962.616.320
2018-02-08;12.506,18;12.541,32;12.187,45;12.260,29;5.867.461.632
2018-02-07;12.478,68;12.651,28;12.414,84;12.590,43;6.084.467.200
2018-02-06;12.232,86;12.550,16;12.232,86;12.392,66;8.869.194.752
2018-02-05;12.687,79;12.752,6;12.622,44;12.687,49;4.843.560.448
2018-02-02;12.954,59;12.954,59;12.782,07;12.785,16;5.402.326.016
2018-02-01;13.235,15;13.301,41;12.971,78;13.003,9;5.469.426.176
2018-01-31;13.210,76;13.268,41;13.159,35;13.189,48;4.869.741.056
2018-01-30;13.223,97;13.309,86;13.171,91;13.197,71;4.805.452.288
2018-01-29;13.358,9;13.370,02;13.274,84;13.324,48;3.295.519.488
2018-01-26;13.297,51;13.348,69;13.268,31;13.340,17;3.387.232.256
2018-01-25;13.374,38;13.443,36;13.222,47;13.298,36;4.837.789.696
2018-01-24;13.572,71;13.576,84;13.414,74;13.414,74;4.564.822.528
2018-01-23;13.577,14;13.596,89;13.517,81;13.559,6;4.474.911.744
2018-01-22;13.435,14;13.470,05;13.410,96;13.463,69;3.879.996.416
2018-01-19;13.297,74;13.445,47;13.294,81;13.434,45;5.312.901.120
2018-01-18;13.250,25;13.293,29;13.201,34;13.281,43;3.887.674.368
2018-01-17;13.200,92;13.251,44;13.137,51;13.183,96;3.920.349.184
2018-01-16;13.228,6;13.351,09;13.196,56;13.246,33;4.106.614.016
2018-01-15;13.244,37;13.250,37;13.173,71;13.200,51;2.648.514.048
2018-01-12;13.241,28;13.265,14;13.168,01;13.245,03;3.796.005.888
2018-01-11;13.281,2;13.298,65;13.151,84;13.202,9;4.540.815.360
2018-01-10;13.355,28;13.377,88;13.227,57;13.281,34;4.485.194.240
2018-01-09;13.383,26;13.425,02;13.361,22;13.385,59;4.083.772.160
2018-01-08;13.399,62;13.407,82;13.334,16;13.367,78;3.830.786.816
2018-01-05;13.219,11;13.332,8;13.219,11;13.319,64;4.650.821.120
2018-01-04;13.065,98;13.208,35;13.062,67;13.167,89;4.423.438.336
2018-01-03;12.916,18;13.023,59;12.893,05;12.978,21;3.658.132.224
2018-01-02;12.897,69;12.924,16;12.745,15;12.871,39;3.827.508.480





